AT,AT
CH,CH
CN,CN
Clipboard,Clipboard
DE,DE
DOMException,DOM Exception
DOMParser,DOM Parser
EULA,EULA
HK,HK
HTMLAnchorElement,HTML Anchor Element
HTMLDivElement,HTML Div Element
HTMLDocument,HTML Document
History,History
IDN,IDN
IPv4,IPv4
ISO,ISO
Location,Location
OCSP,OCSP
Range,Range
SOAPCall,SOAP Call
SOAPEncoding,SOAP Encoding
SOAPFault,SOAP Fault
SOAPHeaderBlock,SOAP Header Block
SOAPParameter,SOAP Parameter
SOAPPropertyBagMutator,SOAP Property Bag Mutator
SOAPResponse,SOAP Response
SchemaLoader,Schema Loader
Selection,Selection
SignonFileName,Signon File Name
SignonFileName2,Signon File Name 2
SignonFileName3,Signon File Name 3
TW,TW
URL,URL
WSDLLoader,WS DLLoader
WebServiceProxyFactory,Web Service Proxy Factory
Window,Window
XMLHttpRequest,XML Http Request
XMLSerializer,XML Serializer
a,a
a285,a285
abort,abort
about,about
aboutHomeSnippets,about HomeSnippets
abtest,a b test
ac,ac
accelKey,accel Key
acceleration,acceleration
accept,accept
accessibility,accessibility
accesskeycausesactivation,access key causes activation
action,action
actions,actions
activation,activation
active,active
activeInterval,active Interval
activeSidebar,active Sidebar
activity,activity
actorURI,actor URI
add,add
addProperty,add Property
addSelectionListener,add Selection Listener
addToRecentDocs,add To Recent Docs
addon,add on
addons,add ons
addonutils,addon utils
advanced,advanced
aes,aes
af,af
afp,afp
after,after
age,age
agedWeight,aged Weight
aggressive,aggressive
aitc,aitc
alerts,alerts
alias,alias
alive,alive
all,all
allTabs,all Tabs
allocation,allocation
allow,allow
allowInsecureFromHTTPS,allow Insecure From HTTPS
allowPopState,allow Pop State
allowPushState,allow Push State
allowRegisterFromDifferentHost,allow Register From Different Host
allowReplaceState,allow Replace State
allowSet,allow Set
allowed,allowed
alpha,alpha
alt,alt
altClickSave,alt Click Save
alternate,alternate
alttext,alt text
altwindowtype,alt window type
always,always
alwaysAcceptSessionCookies,always Accept Session Cookies
alwaysAsk,always Ask
alwaysAskBeforeHandling,always Ask Before Handling
alwaysUnpack,always Unpack
alwaysappendaccesskeys,always append access keys
amount,amount
analysis,analysis
anchor,anchor
anchors,anchors
animate,animate
animateFadeIn,animate Fade In
animateUp,animate Up
animation,animation
animations,animations
anything,anything
api,api
app,app
appender,appender
applets,applets
application,application
applies,applies
approval,approval
apps,apps
ar,ar
archivereader,archive reader
args,args
armn,armn
around,around
as,as
asia,asia
ask,ask
assoc,assoc
async,async
asyncInvoke,async Invoke
at,at
attributes,attributes
audioFeeds,audio Feeds
auth,auth
authenticator,authenticator
auto,auto
autoDisableScopes,auto Disable Scopes
autoExportHTML,auto Export HTML
autoFill,auto Fill
autoHide,auto Hide
autoScroll,auto Scroll
autoUpdateDefault,auto Update Default
autocomplete,auto complete
autoconfig,auto config
autoconnect,auto connect
autocopy,auto copy
autofillForms,auto fill Forms
autofocus,auto focus
autohide,auto hide
autologin,auto login
automatic,automatic
automigration,auto migration
autoplay,auto play
autostart,auto start
available,available
azure,azure
back,back
backends,backends
background,background
backgroundInterval,background Interval
backgroundMaxErrors,background Max Errors
backspace,backspace
backups,backups
bad,bad
baltic,baltic
baseURI,base URI
baseURL,base URL
battery,battery
before,before
behavior,behavior
beng,beng
bg,bg
bidi,bidi
bindings,bindings
biz,biz
blacklist,blacklist
blink,blink
blipIntervalMilliseconds,blip Interval Milliseconds
block,block
blockautorefresh,block auto refresh
blocklist,blocklist
blur,blur
bn,bn
bookmark,bookmark
bookmarkVisitBonus,bookmark Visi tBonus
bookmarks,bookmarks
bookmarksProcessed,bookmarks Processed
bootstrappedAddons,bootstrapped Addons
border,border
bottom,bottom
bottommm,bottom mm
boundaryWeight,boundary Weight
br,br
breakpad,breakpad
broken,broken
browseURL,browse URL
browser,browser
browserElement,browser Element
browserid,browser id
browsewithcaret,browse with caret
bs,bs
bucketSize,bucket Size
buffer,buffer
bugs,bugs
buildID,build ID
button,button
bytes,bytes
ca,ca
cache,cache
cached,cached
calc,calc
camellia,camellia
can,can
canonical,canonical
cans,cans
canvas,canvas
capability,capability
capacity,capacity
caret,caret
casesensitive,case sensitive
cat,cat
central,central
cert,cert
certificate,certificate
certs,certs
ch,ch
change,change
channel,channel
chars,chars
charset,charset
charsetmenu,charset menu
check,check
checkAttributes,check Attributes
checkDefaultBrowser,check Default Browser
checkbox,check box
checkloaduri,check load uri
chrome,chrome
chromeAccess,chrome Access
chromeURL,chrome URL
chunk,chunk
cjkt,cjkt
cl,cl
cleanup,cleanup
clearOnShutdown,clear On Shutdown
click,click
clickSelectsAll,click Selects All
clickToScroll,click To Scroll
client,client
clients,clients
clipboard,clipboard
clipboardevents,clipboard events
close,close
closeButtons,close Buttons
closeWhenDone,close When Done
closeWindowWithLastTab,close Window With Las tTab
closed,closed
cmaps,cmaps
cn,cn
coalesce,coalesce
code,code
codebase,codebase
color,color
colors,colors
columns,columns
com,com
command,command
commands,commands
commonName,common Name
compartment,compartment
compatMode,compat Mode
complete,complete
complexOverride,complex Override
component,component
composer,composer
composer2d,composer 2d
compression,compression
config,config
confirm,confirm
connection,connection
connections,connections
console,console
content,content
contentAccess,content Access
contentHandlers,content Handlers
contentLoadURL,content Load URL
context,context
contextmenu,context menu
control,control
converted,converted
converter,converter
cookie,cookie
cookieBehavior,cookie Behavior
cookies,cookies
count,count
cpd,cpd
crash,crash
crashes,crashes
crashreporter,crash reporter
createProxy,create Proxy
createProxyAsync,create Proxy Async
cryptoDebug,crypto Debug
cs,cs
csp,csp
css,css
csserror,css error
cssparser,css parser
ctrlTab,ctrl Tab
current,current
cursor,cursor
custom,custom
customization,customization
cutcopy,cut copy
cy,cy
cyrillic,cyrillic
da,da
dashboard,dashboard
data,data
database,database
databaseSchema,database Schema
datasource,data source
days,days
de,de
deactivate,deactivate
deba0ad,deba0ad
debug,debug
debugSlowSql,debug Slow Sql
debugger,debugger
decode,decode
decoded,decoded
decodeondraw,decode on draw
def,def
default,default
defaultBucketWeight,default Bucket Weight
defaultDecoder,default Decoder
defaultEncoder,default Encoder
defaultHandlersVersion,default Handlers Version
defaultLocale,default Locale
defaultVisitBonus,default Visit Bonus
defaultenginename,default engine name
deferred,deferred
deflate,deflate
defunct,defunct
delay,delay
delegation,delegation
delete,delete
delta,delta
demand,demand
des,des
description,description
detail,detail
details,details
detailsURL,details URL
detector,detector
dev,dev
devPixelsPerPx,dev Pixels Per Px
devanagari,devanagari
device,device
devtools,devtools
dhe,dhe
diagnostics,diagnostics
dialog,dialog
dictionaries,dictionaries
dictionary,dictionary
dir,dir
direction,direction
directory,directory
dirty,dirty
disable,disable
disableIPv6,disable IP v6
disablePrefetch,disable Prefetch
disableSlidingEffect,disable Sliding Effect
disabled,disabled
disabledInMasterProcess,disabled In Master Process
discard,discard
discardable,discardable
discoverURL,discover URL
disk,disk
disks,disks
dispatchLeftClickOnly,dispatch Left Click Only
display,display
distribution,distribution
dither,dither
dk,dk
dns,dns
dnsCacheExpirationGracePeriod,dns Cache Expiration Grace Period
do,do
doc,doc
document,document
documentURI,document URI
dom,dom
domain,domain
donottrackheader,do not track header
dont,dont
doubleClickSelectsAll,double Click Selects All
doublebuffering,double buffering
down,down
download,download
downloadVisitBonus,download Visit Bonus
downloadable,downloadable
downloads,downloads
downscaling,downscaling
dpi,dpi
drag,drag
draw,draw
drawInTitlebar,draw In Titlebar
driver,driver
dss,dss
dump,dump
durationMaxMS,duration Max MS
durationMinMS,duration Min MS
durationToIntervalRatio,duration To Interval Ratio
during,during
dynamic,dynamic
eagerHelper,eager Helper
eat,eat
ecdh,ecdh
ecdhe,ecdhe
ecdsa,ecdsa
ede3,ede3
edge,edge
edit,edit
editDialog,edit Dialog
editor,editor
ee,ee
el,el
element,element
ellipsis,ellipsis
emPerLine,em Per Line
embedVisitBonus,embed Visit Bonus
en,en
enable,enable
enableIDN,enable IDN
enabled,enabled
enabledAddons,enabled Addons
enablesound,enable sound
enabletimeout,enable timeout
enablev4,enable v4
encode,encode
encoding,encoding
enforce,enforce
engine,engine
enter,enter
entries,entries
entry,entry
enum,enum
eo,eo
error,error
errorconsole,error console
errorhandler,error handler
errors,errors
es,es
escape,escape
et,et
ethi,ethi
euro,euro
event,event
events,events
everywhere,everywhere
exception,exception
exceptions,exceptions
exit,exit
expandtab,expand tab
experimental,experimental
experiments,experiments
expert,expert
expiration,expiration
expire,expire
explicit,explicit
expose,expose
extensions,extensions
external,external
extra,extra
fa,fa
facebook,facebook
factor,factor
failed,failed
failover,failover
fallback,fallback
fallbackCharsetList,fallback Charset List
FALSE,FALSE
family,family
fast,fast
fault,fault
faultActor,fault Actor
faultCode,fault Code
faultNamespaceURI,fault Namespace URI
faultString,fault String
favicons,favicons
feature,feature
feeds,feeds
fi,fi
file,file
fileuri,file uri
filter,filter
filteredUrls,filtered Urls
finder,finder
finger,finger
fips,fips
fiqs8s,fiqs8s
fiqz9s,fiqz9s
firefox,firefox
first,first
firstBucketCutoff,first Bucket Cutoff
firstBucketWeight,first Bucket Weight
firstEditField,first Edit Field
firstMsgMaxTries,first Msg Max Tries
firstRun,first Run
firstSessionCompleted,first Session Completed
fixed,fixed
fixup,fix up
flash,flash
flashBar,flash Bar
flashCount,flash Count
flashing,flashing
flexbox,flex box
flip,flip
flushtimer,flush timer
focus,focus
focusWhenStarting,focus When Starting
focuses,focuses
focusmanager,focus manager
folderList,folder List
follow,follow
font,font
fontSize,font Size
fonts,fonts
footercenter,footer center
footerleft,footer left
footerright,footer right
for,for
force,force
forceEnabled,force Enabled
foreground,foreground
format,format
formatting,formatting
formcontrol,form control
formdata,form data
formfill,form fill
forms,forms
forward,forward
fourthBucketCutoff,fourth Bucket Cutoff
fourthBucketWeight,fourth Bucket Weight
fps,fps
fqdn,fqdn
fr,fr
frame,frame
framedLinkVisitBonus,framed Link Visi tBonus
frames,frames
frecency,frecency
free,free
frequency,frequency
from,from
ftp,ftp
full,full
fullscreen,full screen
fuzz,fuzz
fzc2c9e2c,fzc2c9e2c
g6w251d,g6w251d
ga,ga
gc,gc
gcli,gcli
gecko,gecko
general,general
generalAccessKey,general Access Key
generic,generic
geo,geo
geolocation,geolocation
geor,geor
gesture,gesture
gestures,gestures
get,get
getActiveFreq,get Active Freq
getAddons,get Addons
getAllResponseHeaders,get All Response Headers
getAssociatedEncoding,get Associated Encoding
getAttribute,get Attribute
getAttributeNS,get Attribute NS
getAttributeNode,get Attribute Node
getAttributeNodeNS,get Attribute Node NS
getDecoder,get Decoder
getEncoder,get Encoder
getExternalSchemaURI,get External Schema URI
getInterface,get Interface
getInternalSchemaURI,get Internal Schema URI
getNamedItem,get Named Item
getNamedItemNS,get Named Item NS
getPassiveFreq,get Passive Freq
getResponseHeader,get Response Header
getWithPerformance,get With Performance
gethashURL,get hash URL
gethashnoise,get hash noise
gethashtables,get hash tables
gfx,gfx
ghost,ghost
gl,gl
global,global
go,go
google,google
gr,gr
grab,grab
graphite,graphite
group,group
growth,growth
gsslib,gsslib
gt,gt
gu,gu
gujr,gujr
guru,guru
handler,handler
handlerService,handler Service
handling,handling
hangmonitor,hang monitor
hardening,hardening
harfbuzz,harfbuzz
hash,hash
hcp,hcp
he,he
header,header
headercenter,header center
headerleft,header left
headerright,header right
heap,heap
height,height
help,help
helperApps,helper Apps
helpers,helpers
hgbk6aj7f53bba,hgbk6aj7f53bba
hi,hi
hidden,hidden
hiddenWindowChromeURL,hidden Window Chrome URL
hide,hide
hideIntro,hide Intro
high,high
highlight,highlight
history,history
hit,hit
hlcj6aya9esc7a,hlcj6aya9esc7a
hold,hold
homepage,home page
horizontal,horizontal
horizontalScrollDistance,horizontal Scroll Distance
host,host
hostname,host name
hostnames,host names
hosts,hosts
hotfix,hot fix
hr,hr
href,href
hsb,hsb
html2txt,html 2 txt
html5,html 5
htmlHeight,html Height
htmlPanelOpen,html Panel Open
http,http
https,https
hu,hu
hud,hud
hyphenation,hyphenation
ia,ia
icon,icon
icons,icons
id,id
identity,identity
idle,idle
idleConnectionTimeout,idle Connection Timeout
idleInterval,idle Interval
idleTime,idle Time
idletime,idle time
ignoreRepositoryChecking,ignore Repository Checking
ignoreUserEnabledChanges,ignore User Enabled Changes
ignoremovedelay,ignore move delay
il,il
image,image
images,images
immediateInterval,immediate Interval
immediately,immediately
in,in
inContent,in Content
incompatible,incompatible
incremental,incremental
index,index
indexedDB,indexed DB
inflation,inflation
info,info
infoURL,info URL
infobar,info bar
initialdelay,initial delay
inline,inline
innerHTML,inner HTML
innerHeight,inner Height
innerWidth,inner Width
input,input
insertRelatedAfterCurrent,insert Related After Current
insertseparatorbeforeaccesskeys,insert separator before access keys
inspector,inspector
installCache,install Cache
instantApply,instant Apply
intent,intent
internal,internal
interval,interval
intl,intl
intro,intro
invoke,invoke
invokeVerifySourceHeader,invoke Verify Source Header
io,io
ion,ion
ipc,ipc
ipv4OnlyDomains,ip v4 Only Domains
ir,ir
irc,irc
ircs,ircs
is,is
isThemeSelected,is Theme Selected
issuerName,issuer Name
it,it
item,item
itemURL,item URL
j6w193g,j6w193g
ja,ja
japanese,japanese
jar,jar
java,java
javascript,javascript
jit,jit
jp,jp
jpake,jpake
jpakeclient,jpakeclient
jsloader,jsloader
jswarn,jswarn
jxalpdlp,jxalpdlp
kb,kb
keep,keep
key,key
keyURL,key URL
keyupdatetime,key update time
keyword,keyword
kgbechtv,kgbechtv
khmr,khmr
kmr,kmr
kn,kn
knda,knda
ko,ko
kprw13d,kprw13d
kpry57d,kpry57d
kr,kr
la,la
landscape,landscape
language,language
languages,languages
last,last
lastAppVersion,last App Version
lastDailyNotification,last Daily Notification
lastMaintenance,last Maintenance
lastMsgMaxTries,last Msg Max Tries
lastPlatformVersion,last Platform Version
lastUpdateTime,last Update Time
lastversion,last version
latched,latched
launch,launch
layers,layers
layout,layout
layoutview,layout view
left,left
leftmm,left mm
len,len
length,length
level,level
li,li
lifetime,lifetime
lifetimePolicy,lifetime Policy
lightweightThemes,lightweight Themes
limit,limit
line,line
lineThreshold,line Threshold
lineheight,line height
lines,lines
link,link
linkVisitBonus,link Visit Bonus
links,links
linksonly,link sonly
list,list
lists,lists
llvmpipe,llvmpipe
lm,lm
load,load
loadAsync,load Async
loadBookmarksInBackground,load Bookmarks In Background
loadDivertedInBackground,load Diverted In Background
loadInBackground,load In Background
local,local
locale,locale
location,location
lock,lock
log,log
logOnError,log On Error
logOnSuccess,logOnSuccess
logger,logger
logging,logging
loglimit,loglimit
long,long
lose,lose
low,low
lowSrc,lowSrc
lt,lt
lu,lu
lv,lv
mailcap,mailcap
mailedit,mail edit
mailftp,mail ftp
mailnews,mail news
mailto,mail to
mailview,mail view
main,main
malware,malware
manage,manage
managecrl,manage crl
management,management
manager,manager
manifest,manifest
manual,manual
mapSchemaURI,map Schema URI
mappingIntercept,mapping Intercept
margin,margin
mark,mark
marketplace,marketplace
markupPreview,markup Preview
match,match
matchBehavior,match Behavior
matchOS,match OS
mathfont,math font
max,max
maxErrorAge,max Error Age
maxErrors,max Errors
maxLocalId,max Local Id
maxOpenBeforeWarn,max Open Before Warn
maxPerDomain,max Per Domain
maxPercent,max Percent
maxRatio,max Ratio
maxResults,max Results
maxRichResults,max Rich Results
maxScreenshotDelayMS,max Screenshot Delay MS
maxStateObjectSize,max State Objec tSize
maxTimeGroupings,max Time Groupings
maxTries,max Tries
maximum,maximum
maxrequests,max requests
maxsize,max size
mb,mb
md5,md5
media,media
mem,mem
memory,memory
menu,menu
menuAccessKey,menu Access Key
menuAccessKeyFocuses,menu Access Key Focuses
menubar,menu bar
menuitems,menu items
menus,menus
mesa,mesa
message,message
meta,meta
metered,metered
methodjit,method jit
mgba3a4f16a,mgba3a4f16a
mgba3a4fra,mgba3a4fra
mgbaam7a8h,mgbaam7a8h
mgbayh7gpa,mgbayh7gpa
mgberp4a5d4a87g,mgberp4a5d4a87g
mgberp4a5d4ar,mgberp4a5d4ar
mgbqly7c0a67fbc,mgbqly7c0a67fbc
mgbqly7cvafr,mgbqly7cvafr
middleclick,middle click
middlemouse,middle mouse
migrateFx3Prefs,migrate Fx3 Prefs
migration,migration
migrationVersion,migration Version
mime,mime
min,min
minCompatibleAppVersion,min Compatible App Version
minCompatiblePlatformVersion,min Compatible Platform Version
minPercent,min Percent
minTwips,min Twips
minimizable,minimizable
minimize,minimize
minimum,minimum
miscURL,misc URL
missing,missing
misspellings,misspellings
mixed,mixed
mlym,mlym
mn,mn
modal,modal
mode,mode
monospace,monospace
moodle,moodle
more1,more1
more2,more2
more3,more3
more4,more4
more5,more5
mouse,mouse
mouseWheel,mouse Wheel
mousewheel,mouse wheel
move,move
moveBy,move By
moveTo,move To
movement,movement
moz,moz
mozAlarms,moz Alarms
mozApps,moz Apps
mozContacts,moz Contacts
mozNetworkStats,moz Network Stats
mozPermissionSettings,moz Permission Settings
mozSettings,moz Settings
ms,ms
msaa,msaa
mstone,mstone
multiplier,multiplier
museum,museum
mustUnderstand,must Understand
name,name
native,native
navigator,navigator
nb,nb
nearest,nearest
negotiate,negotiate
negotiation,negotiation
net,net
network,network
networkFailureReportTimeout,network Failure Report Timeout
networkinfo,network info
neverAsk,never Ask
newkey,new key
news,news
newtab,new tab
newtabpage,new tab page
newwindow,new window
next,next
nglayout,nglayout
nl,nl
nn,nn
nntp,nntp
no,no
nodeValue,node Value
non,non
normal,normal
notification,notification
notifications,notifications
notify,notify
notifyUser,notify User
ns,ns
ntlm,ntlm
nu,nu
numOfPrefs,num Of Prefs
numVisits,num Visits
numeral,numeral
nz,nz
o3cw4h,o3cw4h
obscure,obscure
observers,observers
of,of
offline,offline
offlineApps,offline Apps
offmainthread,off main thread
offmainthreadcomposition,off main thread composition
offset,offset
ogbpf8fl,ogbpf8fl
ogg,ogg
old,old
on,on
onError,on Error
onLoad,on Load
onTop,on Top
once,once
onerror,on error
online,online
onload,on load
only,only
onreadystatechange,on ready state change
opacity,opacity
open,open
openFile,open File
openNewWindow,open New Window
opener,opener
openintab,open in tab
openpage,open page
opentabfor,open tab for
opentype,open type
optimistic,optimistic
options,options
opus,opus
order,order
org,org
orientation,orientation
origin,origin
orya,orya
other,other
out,out
outdated,outdated
outerHeight,outer Height
outerWidth,outer Width
outro,outro
overlink,overlink
override,override
overrideMimeType,override Mime Type
overrides,overrides
owner,owner
p1ai,p1ai
pa,pa
page,page
pages,pages
pagethumbnails,page thumbnails
paint,paint
painting,painting
panel,panel
panes,panes
panorama,panorama
paper,paper
paragraph,paragraph
param,param
parent,parent
parentTimeoutSecs,parent Timeout Secs
parseFromStream,parse From Stream
parseFromString,parse From String
pass,pass
password,password
passwords,passwords
paste,paste
pasteNewlines,paste Newlines
path,path
pathname,path name
pc,pc
pccounts,pccounts
pdfjs,pdfjs
peerconnection,peer connection
pending,pending
pendingOperations,pending Operations
per,per
performance,performance
permRedirectVisitBonus,perm Redirect Visit Bonus
permission,permission
permissions,permissions
persistent,persistent
personal,personal
personalbar,personal bar
personas,personas
pfs,pfs
picker,picker
pinch,pinch
ping,ping
pingCountTotal,ping Count Total
pingCountVersion,ping Count Version
pings,pings
pinned,pinned
pipelining,pipelining
pixels,pixels
pl,pl
placeholder,placeholder
placeholders,placeholders
places,places
platform,platform
play,play
plugin,plugin
plugins,plugins
pm,pm
pointer,pointer
policy,policy
policynames,policy names
pollInterval,poll Interval
popup,popup
popups,popups
port,port
position,position
positioning,positioning
postMessage,post Message
postdata,post data
postscript,postscript
pr,pr
precise,precise
pref,pref
prefer,prefer
preferences,preferences
preferredAction,preferred Action
prefetch,prefetch
prefillwithselection,prefill with selection
prefix,prefix
prefixWeight,prefix Weight
prefixes,prefixes
prefs,prefs
prefsMigrated,prefs Migrated
preload,preload
preloadlist,preload list
pres,pres
preserve,preserve
pressure,pressure
previews,previews
previous,previous
previousHandler,previous Handler
principal,principal
print,print
printer,printer
printsettings,print settings
privacy,privacy
privacyURL,privacy URL
private,private
privatebrowsing,private browsing
processCount,process Count
processLaunchTimeoutSecs,process Launch Timeout Secs
processSchemaElement,process Schema Element
profile,profile
profiler,profiler
progress,progress
prompt,prompt
promptWaitTime,prompt Wait Time
prompts,prompts
propertyBag,property Bag
protocol,protocol
proxies,proxies
proxy,proxy
pt,pt
punctuation,punctuation
punycode,puny code
purge,purge
putFreq,put Freq
qos,qos
quality,quality
queue,queue
quitBehavior,quit Behavior
quota,quota
radio,radio
radius,radius
randomizeclient,randomize client
rate,rate
ratio,ratio
raw,raw
rc4,rc4
re,re
read,read
readback,read back
readyState,ready State
recentFilesMax,recent Files Max
recentlyUsedLimit,recently Used Limit
reconnection,reconnection
reconnects,reconnects
redirect,redirect
redirection,redirection
redirects,redirects
reflowOnZoom,reflow On Zoom
registerEngines,register Engines
releaseNotesURL,release Notes URL
remember,remember
rememberSignons,remember Signons
remote,remote
removeFinishedDownloads,remove Finished Downloads
removeSelectionListener,remove Selection Listener
rendering,rendering
renego,renego
replace,replace
report,report
reportErrorURL,report Error URL
reportGenericURL,report Generic URL
reportMalwareErrorURL,report Malware Error URL
reportMalwareURL,report Malware URL
reportPhishURL,report Phish URL
reportURL,report URL
req,req
request,request
requests,requests
require,require
requireBuiltIn,require BuiltIn
required,required
reschedule,reschedule
resizability,resizability
resizable,resizable
resize,resize
resizeBy,resize By
resizeTo,resize To
resizing,resizing
resources,resources
response,response
responseText,response Text
responseXML,response XML
responsiveUI,responsive UI
restore,restore
restrict,restrict
restriction,restriction
result,result
resume,resume
resumeOnWakeDelay,resume On Wake Delay
resumed,resumed
retention,retention
retries,retries
retry,retry
reuseGlobal,reuse Global
reversed,reversed
rfc5746,rfc5746
richBoundaryCutoff,rich Boundary Cutoff
right,right
rightmm,right mm
rights,rights
ring,ring
ro,ro
root,root
rootLogger,root Logger
rows,rows
rsa,rsa
ru,ru
rule,rule
ruleview,rule view
run,run
safe,safe
safebrowsing,safe browsing
same,same
sanitize,sanitize
sanitizeOnShutdown,sanitize On Shutdown
sans,sans
save,save
saveHttpsForms,save Https Forms
saveLink,save Link
saveLinkAsFilenameTimeout,save Link As Filename Timeout
saveToDisk,save To Disk
sb,sb
scale,scale
scanWhenDone,scan When Done
scheduler,scheduler
schemaCollection,schema Collection
schemes,schemes
scratchpad,scratchpad
screen,screen
screenX,screen X
screenY,screen Y
script,script
scripts,scripts
scroll,scroll
scrollDelay,scroll Delay
scrollIncrement,scroll Increment
scrollToClick,scroll To Click
scrollbar,scrollbar
scrollbarPosition,scrollbarPosition
scrollbars,scrollbars
scrollbox,scrollbox
se,se
search,search
searchEnginesURL,search Engines URL
searchbox,search box
searchplugins,search plugins
secondBucketCutoff,second Bucket Cutoff
secondBucketWeight,second Bucket Weight
seconds,seconds
security,security
seed,seed
select,select
selectOwnerOnClose,select Owner On Close
selectedEngine,selected Engine
selectedSkin,selected Skin
selection,selection
selects,selects
self,self
send,send
sendRefererHeader,send Referer Header
sendSecureXSiteReferrer,send Secure X Site Referrer
sendVersionInfo,send Version Info
sensors,sensors
serializeToStream,serialize To Stream
serializeToString,serialize To String
serif,serif
server,server
serverURL,server URL
service,service
services,services
session,session
sessionOnly,session Only
sessionhistory,session history
sessions,sessions
sessionstore,session store
set,set
setDecoder,set Decoder
setEncoder,set Encoder
setRequestHeader,set Request Header
setting,setting
settings,settings
sh,sh
sha,sha
sha1Fingerprint,sha1 Fingerprint
shader,shader
share,share
shell,shell
shift,shift
shortcut,shortcut
show,show
showAlertInterval,show Alert Interval
showAlertOnComplete,show Alert On Complete
showBrowserMessage,show Browser Message
showCharacterEncoding,show Character Encoding
showInConsole,show In Console
showInstalledUI,show Installed UI
showPopupBlocker,show Popup Blocker
showQuitWarning,show Quit Warning
showWhenStarting,show When Starting
shown,shown
shownSelectionUI,shown Selection UI
si,si
side,side
sidebar,sidebar
sidebarOpen,sidebar Open
signatures,signatures
signed,signed
signon,signon
silent,silent
single,single
singleDeviceInterval,single Device Interval
singleLine,single Line
sinh,sinh
sink,sink
site,site
siteSettings,site Settings
siteSpecific,site Specific
sites,sites
size,size
sizeToContent,size To Content
sk,sk
skins,skins
sl,sl
slice,slice
slider,slider
smart,smart
smartBookmarksVersion,smart Bookmarks Version
smil,smil
smoothScroll,smooth Scroll
smoothing,smoothing
sms,sms
snapMultiplier,snap Multiplier
snews,snews
social,social
socket,socket
socks,socks
sorting,sorting
soundURL,sound URL
source,source
space,space
spdy,spdy
specific,specific
spellcheck,spellcheck
spellcheckDefault,spellcheck Default
spellchecker,spellchecker
sqlite,sqlite
sr,sr
src,src
ssl,ssl
ssl3,ssl3
stackframes,stack frames
stagefright,stage fright
staging,staging
standard,standard
start,start
startlinksonly,start links only
startup,startup
static,static
status,status
statusText,status Text
statusURL,status URL
stop,stop
storage,storage
storageVersion,storage Version
strategy,strategy
stream,stream
strict,strict
strict7BitEncoding,strict 7 Bit Encoding
strictCompatibility,strict Compatibility
stricttransportsecurity,strict transpor tsecurity
structs,structs
style,style
styleURI,style URI
styleeditor,style editor
styleinspector,style inspector
subprocess,subprocess
subsequentdelay,subsequent delay
substringData,substring Data
success,success
suffix,suffix
suggest,suggest
suggesttool,suggest tool
support,support
supports,supports
sv,sv
svg,svg
swipe,swipe
switch,switch
switchPending,switch Pending
sync,sync
syncKeyHelpURL,sync Key Help URL
syntax,syntax
system,system
tab,tab
tabClipWidth,tab Clip Width
tabfocus,tab focus
tabs,tabs
tabsize,tab size
tag,tag
tamil,tamil
tap,tap
tel,tel
telemetry,telemetry
telu,telu
temp,temp
tempRedirectVisitBonus,temp Redirect Visit Bonus
temporarily,temporarily
termsURL,terms URL
testing,testing
testmode,test mode
text,text
textContent,text Content
texttype,text type
tf,tf
th,th
thirdBucketCutoff,third Bucket Cutoff
thirdBucketWeight,third Bucket Weight
thirdparty,third party
threshold,threshold
thumbnails,thumbnails
tibt,tibt
tickets,tickets
tilt,tilt
time,time
timeGroupingSize,time Grouping Size
timeSpan,time Span
timeout,timeout
timeoutSecs,timeout Secs
timer,timer
timerMinimumDelay,timer Minimum Delay
timeweight,time weight
tips,tips
title,title
titlebar,titlebar
tls,tls
tm,tm
to,to
toString,to String
toast,toast
tokenServer,token Server
toolbar,toolbar
toolkit,toolkit
top,top
topmm,top mm
total,total
touch,touch
tr,tr
transaction,transaction
transform,transform
transforms,transforms
transient,transient
transition,transition
transitions,transitions
transportURI,transport URI
treat,treat
trimURLs,trim URLs
triple,triple
trusted,trusted
trustedSourceHostnames,trusted Source Hostnames
tw,tw
twist,twist
type,type
typeaheadfind,type ahead find
typed,typed
typedVisitBonus,typed Visit Bonus
typeinference,type inference
types,types
ua,ua
ubufox@ubuntu,ubufox @ ubuntu
ui,ui
uidirection,ui direction
uk,uk
underline,underline
undo,undo
ungrab,ungrab
unicode,unicode
unit,unit
unload,unload
unmapSchemaURI,unmap Schema URI
unrestricted,unrestricted
unsafe,unsafe
until,until
unvisitedBookmarkBonus,unvisited Bookmark Bonus
unvisitedTypedBonus,unvisited Typed Bonus
unwriteable,unwriteable
up,up
update,update
updateBackgroundTabs,update Background Tabs
updateURL,update URL
updateUrl,update Url
ur,ur
uri,uri
uriTemplate,uri Template
uris,uris
url,url
urlbar,url bar
urlclassifier,url classifier
use,use
useDownloadDir,use Download Dir
useToolkitUI,use Toolkit UI
usebrailledisplay,use braille display
usecustom,use custom
used,used
usedThemes,used Themes
user,user
userURL,user URL
useragent,user agent
userapi,user api
usesheet,use sheet
usetexttospeech,use text to speech
using,using
utf8,utf8
v2,v2
v3,v3
vacuum,vacuum
validator,validator
value,value
variable,variable
variables,variables
vbscript,vb script
vendorURL,vendor URL
verifySourceHeader,verify Source Header
version,version
vertical,vertical
verticalScrollDistance,vertical Scroll Distance
vibrate,vibrate
vibrator,vibrator
video,video
videoFeeds,video Feeds
view,view
viewers,viewers
viewing,viewing
viewmanager,view manager
visible,visible
visited,visited
visitedWeight,visited Weight
vn,vn
vnd,vnd
volume,volume
warn,warn
warnOnAboutConfig,warn On About Config
warnOnClose,warn On Close
warnOnCloseOtherTabs,warn On Close Other Tabs
warnOnOpen,warn On Open
warnOnQuit,warn On Quit
warnOnRestart,warn On Restart
warning,warning
warningQuota,warning Quota
water,water
wave,wave
webaudio,web audio
webcal,webcal
webconsole,web console
webgl,webgl
webm,webm
webservice,web service
websocket,web socket
welcome,welcome
western,western
wf,wf
wgbh1c,wgbh1c
wgbl6a,wgbl6a
whileInPrintPreview,while In Prin tPreview
whitelist,white list
wholeText,whole Text
widget,widget
width,width
win,win
window,window
windows,windows
with,with
without,without
word,word
work,work
workers,workers
wrap,wrap
x,x
xkc2al3hye2a,xkc2al3hye2a
xml,xml
xn,xn
xpconnect,xp connect
xpinstall,xp install
xrender,x render
xul,xul
y,y
yahoo,yahoo
yield,yield
yt,yt
z,z
zckzah,zckzah
zh,zh
zoom,zoom
zoomManager,zoom Manager
zoomValues,zoom Values
zu,zu
